{
  "formatVersion": 1,
  "database": {
    "version": 1,
    "identityHash": "f44ee7cedbf413e6846f43e4846a4891",
    "entities": [
      {
        "tableName": "eyesaving",
        "createSql": "CREATE TABLE IF NOT EXISTS `${TABLE_NAME}` (`name` TEXT NOT NULL, `element` TEXT NOT NULL, `effect` TEXT NOT NULL, `cost` INTEGER NOT NULL, `explain` TEXT NOT NULL, `image` TEXT NOT NULL, `category` INTEGER NOT NULL, PRIMARY KEY(`name`))",
        "fields": [
          {
            "fieldPath": "name",
            "columnName": "name",
            "affinity": "TEXT",
            "notNull": true
          },
          {
            "fieldPath": "element",
            "columnName": "element",
            "affinity": "TEXT",
            "notNull": true
          },
          {
            "fieldPath": "effect",
            "columnName": "effect",
            "affinity": "TEXT",
            "notNull": true
          },
          {
            "fieldPath": "cost",
            "columnName": "cost",
            "affinity": "INTEGER",
            "notNull": true
          },
          {
            "fieldPath": "explain",
            "columnName": "explain",
            "affinity": "TEXT",
            "notNull": true
          },
          {
            "fieldPath": "image",
            "columnName": "image",
            "affinity": "TEXT",
            "notNull": true
          },
          {
            "fieldPath": "category",
            "columnName": "category",
            "affinity": "INTEGER",
            "notNull": true
          }
        ],
        "primaryKey": {
          "columnNames": [
            "name"
          ],
          "autoGenerate": false
        },
        "indices": [],
        "foreignKeys": []
      }
    ],
    "views": [],
    "setupQueries": [
      "CREATE TABLE IF NOT EXISTS room_master_table (id INTEGER PRIMARY KEY,identity_hash TEXT)",
      "INSERT OR REPLACE INTO room_master_table (id,identity_hash) VALUES(42, 'f44ee7cedbf413e6846f43e4846a4891')"
    ]
  }
}